{"prediction": [": 8212753."], "ground_truth": [["8212753"]], "correct": [1.0], "avg_score": 1.0, "rank": 0}
{"prediction": [": 4543918."], "ground_truth": [["4543918"]], "correct": [1.0, 1.0], "avg_score": 1.0, "rank": 0}
{"prediction": [": 737882."], "ground_truth": [["7378822"]], "correct": [1.0, 1.0, 0.0], "avg_score": 0.6666666666666666, "rank": 0}
{"prediction": [": 2932288."], "ground_truth": [["2932288"]], "correct": [1.0, 1.0, 0.0, 1.0], "avg_score": 0.75, "rank": 0}
{"prediction": [": 832680."], "ground_truth": [["5082173"]], "correct": [1.0, 1.0, 0.0, 1.0, 0.0], "avg_score": 0.6, "rank": 0}
{"prediction": [": 6587964."], "ground_truth": [["6587964"]], "correct": [1.0, 1.0, 0.0, 1.0, 0.0, 1.0], "avg_score": 0.6666666666666666, "rank": 0}
{"prediction": [": 2264218."], "ground_truth": [["2264218"]], "correct": [1.0, 1.0, 0.0, 1.0, 0.0, 1.0, 1.0], "avg_score": 0.7142857142857143, "rank": 0}
{"prediction": [": 6428576."], "ground_truth": [["6422534"]], "correct": [1.0, 1.0, 0.0, 1.0, 0.0, 1.0, 1.0, 0.0], "avg_score": 0.625, "rank": 0}
{"prediction": [": 1954456."], "ground_truth": [["1954456"]], "correct": [1.0, 1.0, 0.0, 1.0, 0.0, 1.0, 1.0, 0.0, 1.0], "avg_score": 0.6666666666666666, "rank": 0}
{"prediction": [": 1688246."], "ground_truth": [["1688246"]], "correct": [1.0, 1.0, 0.0, 1.0, 0.0, 1.0, 1.0, 0.0, 1.0, 1.0], "avg_score": 0.7, "rank": 0}
{"prediction": [": 8345."], "ground_truth": [["8344365"]], "correct": [1.0, 1.0, 0.0, 1.0, 0.0, 1.0, 1.0, 0.0, 1.0, 1.0, 0.0], "avg_score": 0.6363636363636364, "rank": 0}
{"prediction": [": 6614481."], "ground_truth": [["6614484"]], "correct": [1.0, 1.0, 0.0, 1.0, 0.0, 1.0, 1.0, 0.0, 1.0, 1.0, 0.0, 0.0], "avg_score": 0.5833333333333334, "rank": 0}
{"prediction": [": 522,111."], "ground_truth": [["5227787"]], "correct": [1.0, 1.0, 0.0, 1.0, 0.0, 1.0, 1.0, 0.0, 1.0, 1.0, 0.0, 0.0, 0.0], "avg_score": 0.5384615384615384, "rank": 0}
{"prediction": [": 651092"], "ground_truth": [["6510922"]], "correct": [1.0, 1.0, 0.0, 1.0, 0.0, 1.0, 1.0, 0.0, 1.0, 1.0, 0.0, 0.0, 0.0, 0.0], "avg_score": 0.5, "rank": 0}
{"prediction": [": 6731."], "ground_truth": [["6733317"]], "correct": [1.0, 1.0, 0.0, 1.0, 0.0, 1.0, 1.0, 0.0, 1.0, 1.0, 0.0, 0.0, 0.0, 0.0, 0.0], "avg_score": 0.4666666666666667, "rank": 0}
{"prediction": [": 664."], "ground_truth": [["6649968"]], "correct": [1.0, 1.0, 0.0, 1.0, 0.0, 1.0, 1.0, 0.0, 1.0, 1.0, 0.0, 0.0, 0.0, 0.0, 0.0, 0.0], "avg_score": 0.4375, "rank": 0}
{"prediction": [": 4985095."], "ground_truth": [["4985095"]], "correct": [1.0, 1.0, 0.0, 1.0, 0.0, 1.0, 1.0, 0.0, 1.0, 1.0, 0.0, 0.0, 0.0, 0.0, 0.0, 0.0, 1.0], "avg_score": 0.47058823529411764, "rank": 0}
{"prediction": [": 9437374."], "ground_truth": [["9437374"]], "correct": [1.0, 1.0, 0.0, 1.0, 0.0, 1.0, 1.0, 0.0, 1.0, 1.0, 0.0, 0.0, 0.0, 0.0, 0.0, 0.0, 1.0, 1.0], "avg_score": 0.5, "rank": 0}
{"prediction": [": 2721170."], "ground_truth": [["2721170"]], "correct": [1.0, 1.0, 0.0, 1.0, 0.0, 1.0, 1.0, 0.0, 1.0, 1.0, 0.0, 0.0, 0.0, 0.0, 0.0, 0.0, 1.0, 1.0, 1.0], "avg_score": 0.5263157894736842, "rank": 0}
{"prediction": [": 189350."], "ground_truth": [["1893502"]], "correct": [1.0, 1.0, 0.0, 1.0, 0.0, 1.0, 1.0, 0.0, 1.0, 1.0, 0.0, 0.0, 0.0, 0.0, 0.0, 0.0, 1.0, 1.0, 1.0, 0.0], "avg_score": 0.5, "rank": 0}
